site_sku;yml_vendorCode;site_name
site_sku;yml_vendorCode;site_name
040 3015 1021;13721;Реечный домкрат ДР 1,5 т
040 3025 1021;13722;Реечный домкрат ДР 3 т
040 3035 1021;13723;Реечный домкрат ДР 5 т
040 3035 2021;13726;Реечный домкрат ДРН 5 т низким подхватом
040 3045 2021;13727;Реечный домкрат ДРН 10 т с низким подхватом
040 3046 1021;13724;Реечный домкрат ДР 10 т
010 1010 3060;14539;Таль ручная цепная Сибталь 0.5т-3м
010 1010 4060;14540;Таль ручная цепная Сибталь 0.5т-6м
010 1010 5060;14693;Таль ручная цепная Сибталь 0.5т-9м
010 1010 6060;14591;Таль ручная цепная Сибталь 0.5т-12м
010 1020 3080;14634;Таль ручная цепная 1т-3м Сибталь
010 1020 4060;14542;Таль ручная цепная 1т-6м Сибталь
010 1030 3080;13988;Таль ручная цепная Сибталь 2т-3м
010 1030 6060;13987;Таль ручная цепная Сибталь 2т-12м
010 1040 3060;14636;Таль ручная цепная Сибталь 3т-3м
010 1040 6060;14544;Таль ручная цепная Сибталь 3т-12м
010 1050 3080;14355;Таль ручная цепная 5т-3м Сибталь
010 1050 4060;13991;Таль ручная цепная 5т-6м Сибталь
010 1050 5060;14948;Таль ручная цепная Сибталь 5т-9м
010 1060 4060;14592;Таль ручная цепная Сибталь 10т-6м
010 1060 5060;14357;Таль ручная цепная Сибталь 10т-9м
010 1070 4060;13986;Таль ручная цепная Сибталь 20т-6м
010 2010 3060;14535;Таль ручная рычажная 0,5т-3м СибТаль
010 2010 4060;14631;Таль ручная рычажная 0,5т-6м СибТаль
010 2010 6060;6147;Таль ручная рычажная 0,5т-12м СибТаль
010 2020 3060;14632;Таль ручная рычажная 0,75т-3м СибТаль
010 2010 5060;6150;Таль ручная рычажная 0,5т-9м СибТаль
010 2020 6060;6151;Таль ручная рычажная 0,75т-12м СибТаль
010 2030 4060;13994;Таль ручная рычажная 1т-6м СибТаль
010 2030 3060;13993;Таль ручная рычажная 1т-3м СибТаль
010 2030 5060;13995;Таль ручная рычажная 1т-9м СибТаль
010 2030 6060;14914;Таль ручная рычажная 1т-12м СибТаль
010 2040 3060;14587;Таль ручная рычажная 1,5т-3м СибТаль
010 2040 4060;14350;Таль ручная рычажная 1,5т-6м СибТаль
010 2040 5060;14709;Таль ручная рычажная 1,5т-9м СибТаль
010 2050 3060;14633;Таль ручная рычажная 2т-3м СибТаль
010 2050 4060;14916;Таль ручная рычажная 2т-6м СибТаль
010 2050 5060;14588;Таль ручная рычажная 2т-9м СибТаль
010 2050 6060;14915;Таль ручная рычажная 2т-12м СибТаль
010 2060 3060;14537;Таль ручная рычажная 3т-3м СибТаль
010 2060 4060;14538;Таль ручная рычажная 3т-6м СибТаль
010 2060 5060;13996;Таль ручная рычажная 3т-9м СибТаль
010 2060 6060;14351;Таль ручная рычажная 3т-12м СибТаль
010 2070 3060;14589;Таль ручная рычажная 6т-3м СибТаль
010 2070 4060;14352;Таль ручная рычажная 6т-6м СибТаль
010 2070 5060;14710;Таль ручная рычажная 6т-9м СибТаль
010 1010 3030;1785;Таль ручная цепная SAIZEN HSZ 0.5т-3м
010 1010 4030;1786;Таль ручная цепная SAIZEN HSZ 0.5т-6м
010 1010 5030;1787;Таль ручная цепная SAIZEN HSZ 0.5т-9м
010 1020 3030;1789;Таль ручная цепная SAIZEN HSZ 1т-3м
010 1010 6030;1788;Таль ручная цепная SAIZEN HSZ 0.5т-12м
010 1020 6030;1792;Таль ручная цепная SAIZEN HSZ 1т-12м
010 1020 4030;1790;Таль ручная цепная SAIZEN HSZ 1т-6м
010 1030 3030;1793;Таль ручная цепная SAIZEN HSZ 2т-3м
010 1020 5030;1791;Таль ручная цепная SAIZEN HSZ 1т-9м
010 1030 4030;1794;Таль ручная цепная SAIZEN HSZ 2т-6м
010 1030 5030;1795;Таль ручная цепная SAIZEN HSZ 2т-9м
010 1030 6030;1796;Таль ручная цепная SAIZEN HSZ 2т-12м
010 1040 3030;1797;Таль ручная цепная SAIZEN HSZ 3т-3м
010 1040 4030;1798;Таль ручная цепная SAIZEN HSZ 3т-6м
010 1040 5030;1799;Таль ручная цепная SAIZEN HSZ 3т-9м
010 1040 6030;1800;Таль ручная цепная SAIZEN HSZ 3т-12м
010 1050 3030;1801;Таль ручная цепная SAIZEN HSZ 5т-3м
010 1050 4030;1802;Таль ручная цепная SAIZEN HSZ 5т-6м
010 1050 5030;1803;Таль ручная цепная SAIZEN HSZ 5т-9м
010 1060 5030;1937;Таль ручная цепная SAIZEN HSZ 10т-9м
010 1060 6030;1938;Таль ручная цепная SAIZEN HSZ 10т-12м
010 1060 4030;1936;Таль ручная цепная SAIZEN HSZ 10т-6м
010 2010 3030;1805;Таль ручная рычажная SAIZEN HSH-A 0,5т-3м
010 2010 4030;1806;Таль ручная рычажная SAIZEN HSH-A 0,5т-6м
010 1070 4030;1939;Таль ручная цепная SAIZEN HSZ 20т-6м
010 2010 5030;1807;Таль ручная рычажная SAIZEN HSH-A 0,5т-9м
010 2010 6030;1808;Таль ручная рычажная SAIZEN HSH-A 0,5т-12м
010 1070 5030;1940;Таль ручная цепная SAIZEN HSZ 20т-9м
010 2030 3030;1809;Таль ручная рычажная SAIZEN HSH-A 1т-3м
010 2030 5030;1811;Таль ручная рычажная SAIZEN HSH-A 1т-9м
010 2030 6030;1812;Таль ручная рычажная SAIZEN HSH-A 1т-12м
010 2030 4030;1810;Таль ручная рычажная SAIZEN HSH-A 1т-6м
010 2050 3030;1813;Таль ручная рычажная SAIZEN HSH-A 2т-3м
010 2050 4030;1814;Таль ручная рычажная SAIZEN HSH-A 2т-6м
010 2050 5030;1815;Таль ручная рычажная SAIZEN HSH- A 2т-9м
010 2050 6030;1816;Таль ручная рычажная SAIZEN HSH- A 2т-12м
010 2060 3030;1817;Таль ручная рычажная SAIZEN HSH- A 3т-3м
010 2060 4030;1818;Таль ручная рычажная SAIZEN HSH-A 3т-6м
010 2060 5030;1819;Таль ручная рычажная SAIZEN HSH-A 3т-9м
010 2060 6030;1820;Таль ручная рычажная SAIZEN HSH-A 3т-12м
010 2070 3030;1821;Таль ручная рычажная SAIZEN HSH-A 6т-3м
010 2070 4030;1822;Таль ручная рычажная SAIZEN HSH-A 6т-6м
010 2070 5030;1824;Таль ручная рычажная SAIZEN HSH-A 9т-6м
010 2080 4030;1825;Таль ручная рычажная SAIZEN HSH-A 9т-9м
010 1020 3060;1809;Таль ручная рычажная SAIZEN HS-Z 1т-3м
010 1030 3060;1813;Таль ручная рычажная SAIZEN HS-Z 2т-3м
010 1040 4060;1817;Таль ручная рычажная SAIZEN HS-Z 3т-3м
040 1000 1021;13703;Домкрат гидравлический ДГ-2, Pro Jack
040 1000 2021;13704;Домкрат гидравлический ДГ-3, Pro Jack
040 1000 3021;13705;Домкрат гидравлический ДГ-5, Pro Jack
040 1000 4021;13706;Домкрат гидравлический ДГ-10, Pro Jack
040 1000 5021;13707;Домкрат гидравлический ДГ-12, Pro Jack
040 1000 7021;13709;Домкрат гидравлический ДГ-20, Pro Jack
040 1000 6021;13708;Домкрат гидравлический ДГ-15, Pro Jack
040 1000 9021;13711;Домкрат гидравлический ДГ-30, Pro Jack
040 1000 8021;13710;Домкрат гидравлический ДГ-25, Pro Jack
010 1020 6060;14541;Таль ручная цепная Сибталь 1т-12м
040 1010 0021;13712;Домкрат гидравлический ДГ-50, Pro Jack
040 1010 1021;13713;Домкрат гидравлический ДГ-100, Pro Jack
010 1020 5060;13985;Таль ручная цепная Сибталь 1т-9м
010 1030 4060;13989;Таль ручная цепная Сибталь 2т-6м
010 1030 5060;14543;Таль ручная цепная Сибталь 2т-9м
010 1040 4080;14593;Таль ручная цепная 3т-6м Сибталь
010 1040 5060;13990;Таль ручная цепная 3т-9м Сибталь
010 1050 6060;14545;Таль ручная цепная Сибталь 5т-12м
010 1060 6060;14001;Таль ручная цепная Сибталь 10т-12м
